{
    "enabled": true,
    "neededInstalledMods": [],
    "neededUninstalledMods": [],
    "spawns": [
	{
            "id": "alomomola_museum",
            "pokemon": "alomomola",
            "presets": [
                "underwater"
            ],
            "type": "pokemon",
            "context": "submerged",
            "bucket": "uncommon",
            "level": "20-30",
            "weight": 800.00,
            "condition": {
		"canSeeSky": true,
        "maxX": -169,
        "minX": -281,
        "maxZ": 593,
        "minZ": 506,
        "maxY": 72,
        "minY": 50,
                "biomes": [
                    "#cobblemon:is_overworld"
		]
            }
        }
    ]
}