{
    "enabled": true,
    "neededInstalledMods": [],
    "neededUninstalledMods": [],
    "spawns": [
	{
            "id": "ampharos_farm",
            "pokemon": "ampharos",
            "presets": [
                "natural"
            ],
            "type": "pokemon",
            "context": "grounded",
            "bucket": "rare",
            "level": "34-42",
            "weight": 800.00,
            "condition": {
		"canSeeSky": true,
		"maxX": 131,
		"minX": 10,
		"maxZ": -240,
		"minZ": -366,
                "biomes": [
                    "#cobblemon:is_overworld"
		],
                "neededNearbyBlocks": [
                    "minecraft:cherry_log"
		]
            }
        }
    ]
}