{
    "enabled": true,
    "neededInstalledMods": [],
    "neededUninstalledMods": [],
    "spawns": [
	{
            "id": "ariados_farm",
            "pokemon": "ariados",
            "presets": [
                "underground"
            ],
            "type": "pokemon",
            "context": "grounded",
            "bucket": "uncommon",
            "level": "24-29",
            "weight": 800.00,
            "condition": {
		"canSeeSky": false,
		"maxX": -80,
		"minX": -99,
		"maxZ": 255,
		"minZ": 211,
                "biomes": [
                    "#cobblemon:is_overworld"
		],
                "neededNearbyBlocks": [
                    "minecraft:cobweb"
		]
            }
        }
    ]
}