{
    "enabled": true,
    "neededInstalledMods": [],
    "neededUninstalledMods": [],
    "spawns": [
	{
            "id": "arrokuda_farm",
            "pokemon": "arrokuda",
            "presets": [
                "underwater"
            ],
            "type": "pokemon",
            "context": "submerged",
            "bucket": "common",
            "level": "15-23",
            "weight": 1000.00,
            "condition": {
		"canSeeSky": true,
		"maxX": 536,
		"minX": 45,
		"maxZ": -83,
		"minZ": -515,
                "biomes": [
                    "#minecraft:is_ocean",
                    "#minecraft:is_deep_ocean"
		]
            }
        }
    ]
}