{
    "enabled": true,
    "neededInstalledMods": [],
    "neededUninstalledMods": [],
    "spawns": [
	{
            "id": "baltoy_museum",
            "pokemon": "baltoy",
            "presets": [
                "natural"
            ],
            "type": "pokemon",
            "context": "grounded",
            "bucket": "common",
            "level": "27-32",
            "weight": 1000.00,
            "condition": {
		"canSeeSky": false,
        "maxX": 416,
        "minX": 361,
        "maxZ": 754,
        "minZ": 736,
        "maxY": 104,
        "minY": 89,
                "biomes": [
                    "#cobblemon:is_overworld"
		],
                "neededNearbyBlocks": [
                    "minecraft:smooth_sandstone"
		]
            }
        }
    ]
}