{
    "enabled": true,
    "neededInstalledMods": [],
    "neededUninstalledMods": [],
    "spawns": [
	{
            "id": "barboach_farm",
            "pokemon": "barboach",
            "presets": [
                "underwater"
            ],
            "type": "pokemon",
	    "context": "submerged",
            "bucket": "common",
            "level": "21-25",
            "weight": 1000.00,
            "condition": {
		"canSeeSky": true,
		"maxX": 68,
		"minX": 38,
		"maxZ": -273,
		"minZ": -311,
                "biomes": [
                    "#cobblemon:is_overworld"
		]
            }
        }
    ]
}