{
    "enabled": true,
    "neededInstalledMods": [],
    "neededUninstalledMods": [],
    "spawns": [
	{
            "id": "barboach_farm3",
            "pokemon": "barboach",
            "presets": [
                "underwater"
            ],
            "type": "pokemon",
	    "context": "submerged",
            "bucket": "common",
            "level": "8-13",
            "weight": 1000.00,
            "condition": {
		"canSeeSky": true,
		"maxX": 23,
		"minX": -61,
		"maxZ": 123,
		"minZ": 49,
                "biomes": [
                    "#cobblemon:is_overworld"
		]
            }
        }
    ]
}