{
    "enabled": true,
    "neededInstalledMods": [],
    "neededUninstalledMods": [],
    "spawns": [
	{
            "id": "beartic_museum",
            "pokemon": "beartic",
            "presets": [
                "underground"
            ],
            "type": "pokemon",
            "context": "grounded",
            "bucket": "uncommon",
            "level": "37-50",
            "weight": 800.00,
            "condition": {
		"canSeeSky": false,
		"maxX": 220,
		"minX": 169,
		"maxZ": 500,
		"minZ": 451,
        "maxY": 145,
        "minY": 118,
                "biomes": [
                    "#cobblemon:is_overworld"
		],
                "neededNearbyBlocks": [
                    "minecraft:snow_block"
		]
            }
        }
    ]
}