{
    "enabled": true,
    "neededInstalledMods": [],
    "neededUninstalledMods": [],
    "spawns": [
	{
            "id": "bewear_farm",
            "pokemon": "bewear",
            "presets": [
                "natural"
            ],
            "type": "pokemon",
            "context": "grounded",
            "bucket": "uncommon",
            "level": "34-43",
            "weight": 800.00,
            "condition": {
		"canSeeSky": true,
		"maxX": 192,
		"minX": -155,
		"maxZ": 350,
		"minZ": 156,
                "biomes": [
                    "#cobblemon:is_overworld"
		],
                "neededNearbyBlocks": [
                    "minecraft:bamboo"
		]
            }
        }
    ]
}