{
    "enabled": true,
    "neededInstalledMods": [],
    "neededUninstalledMods": [],
    "spawns": [
	{
            "id": "blissey_farm",
            "pokemon": "blissey",
            "presets": [
                "natural"
            ],
            "type": "pokemon",
            "context": "grounded",
            "bucket": "rare",
            "level": "50-65",
            "weight": 700.00,
            "condition": {
		"canSeeSky": true,
		"timeRange": "day",
		"maxX": 165,
		"minX": -77,
		"maxZ": 122,
		"minZ": 5,
                "biomes": [
                    "#cobblemon:is_overworld"
		],
                "neededNearbyBlocks": [
                    "minecraft:spruce_planks",
                    "minecraft:stripped_spruce_log",
                    "minecraft:stripped_oak_log",
                    "minecraft:spruce_fence"
		]
            }
        }
    ]
}