{
    "enabled": true,
    "neededInstalledMods": [],
    "neededUninstalledMods": [],
    "spawns": [
	{
            "id": "camerupt_farm",
            "pokemon": "camerupt",
            "presets": [
                "natural"
            ],
            "type": "pokemon",
            "context": "grounded",
            "bucket": "uncommon",
            "level": "33-42",
            "weight": 800.00,
            "condition": {
		"canSeeSky": true,
		"maxX": 170,
		"minX": 71,
		"maxZ": 663,
		"minZ": 537,
                "biomes": [
                    "#cobblemon:is_overworld"
		],
                "neededNearbyBlocks": [
                    "minecraft:red_sand"
		]
            }
        }
    ]
}