{
    "enabled": true,
    "neededInstalledMods": [],
    "neededUninstalledMods": [],
    "spawns": [
	{
            "id": "carnivine_farm",
            "pokemon": "carnivine",
            "presets": [
                "natural"
            ],
            "type": "pokemon",
            "context": "grounded",
            "bucket": "common",
            "level": "25-28",
            "weight": 1000.00,
            "condition": {
		"canSeeSky": true,
		"maxX": -46,
		"minX": -86,
		"maxZ": 217,
		"minZ": 170,
                "biomes": [
                    "#cobblemon:is_overworld"
		],
                "neededNearbyBlocks": [
                    "minecraft:azaelea_leaves",
                    "minecraft:oak_leaves"
		]
            }
        }
    ]
}