{
    "enabled": true,
    "neededInstalledMods": [],
    "neededUninstalledMods": [],
    "spawns": [
        {
            "id": "charmander_museum",
            "pokemon": "charmander",
            "presets": [
                "natural"
            ],
            "type": "pokemon",
            "context": "grounded",
            "bucket": "uncommon",
            "level": "5-10",
            "weight": 800.00,
            "condition": {
                "canSeeSky": true,
                "timeRange": "day",
                "maxX": 41,
                "minX": -221,
                "maxZ": 648,
                "minZ": 424,
                "maxY": 145,
                "minY": 56,
                "biomes": [
                    "#cobblemon:is_overworld"
                ],
                "neededNearbyBlocks": [
                    "minecraft:grass_block"
                ]
            }
        }
    ]
}