{
    "enabled": true,
    "neededInstalledMods": [],
    "neededUninstalledMods": [],
    "spawns": [
        {
            "id": "charizard_museum",
            "pokemon": "charizard",
            "presets": [
                "natural"
            ],
            "type": "pokemon",
            "context": "grounded",
            "bucket": "rare",
            "level": "45-55",
            "weight": 600.00,
            "condition": {
                "canSeeSky": true,
                "timeRange": "day",
                "maxX": 41,
                "minX": -221,
                "maxZ": 648,
                "minZ": 424,
                "maxY": 145,
                "minY": 56,
                "biomes": [
                    "#cobblemon:is_overworld"
                ]
            }
        }
    ]
}