{
    "enabled": true,
    "neededInstalledMods": [],
    "neededUninstalledMods": [],
    "spawns": [
	{
            "id": "chimecho_farm3",
            "pokemon": "chimecho",
            "presets": [
                "natural"
            ],
            "type": "pokemon",
            "context": "grounded",
            "bucket": "uncommon",
            "level": "25-32",
            "weight": 800.00,
            "condition": {
		"canSeeSky": true,
		"maxX": -235,
		"minX": -294,
		"maxZ": -117,
		"minZ": -186,
                "biomes": [
                    "#cobblemon:is_overworld"
		],
                "neededNearbyBlocks": [
                    "minecraft:grass_block"
		]
            }
        }
    ]
}