{
    "enabled": true,
    "neededInstalledMods": [],
    "neededUninstalledMods": [],
    "spawns": [
	{
            "id": "chingling_farm",
            "pokemon": "chingling",
            "presets": [
                "natural"
            ],
            "type": "pokemon",
            "context": "grounded",
            "bucket": "common",
            "level": "4-8",
            "weight": 1000.00,
            "condition": {
		"canSeeSky": true,
		"timeRange": "night",
		"maxX": 79,
		"minX": 60,
		"maxZ": 96,
		"minZ": 77,
                "biomes": [
                    "#cobblemon:is_overworld"
		],
                "neededNearbyBlocks": [
                    "minecraft:oak_wood"
		]
            }
        }
    ]
}