{
    "enabled": true,
    "neededInstalledMods": [],
    "neededUninstalledMods": [],
    "spawns": [
	{
            "id": "chinchou_farm",
            "pokemon": "chinchou",
            "presets": [
                "underground"
            ],
            "type": "pokemon",
            "context": "grounded",
            "bucket": "common",
            "level": "18-23",
            "weight": 1000.00,
            "condition": {
		"canSeeSky": false,
		"maxX": -59,
		"minX": -98,
		"maxZ": 305,
		"minZ": 257,
                "biomes": [
                    "#cobblemon:is_overworld"
		],
                "neededNearbyBlocks": [
                    "minecraft:clay"
		]
            }
        }
    ]
}