{
    "enabled": true,
    "neededInstalledMods": [],
    "neededUninstalledMods": [],
    "spawns": [
	{
            "id": "croconaw_farm",
            "pokemon": "croconaw",
            "presets": [
                "underwater"
            ],
            "type": "pokemon",
            "context": "submerged",
            "bucket": "uncommon",
            "level": "18-23",
            "weight": 800.00,
            "condition": {
		"canSeeSky": true,
		"maxX": -230,
		"minX": -373,
		"maxZ": 507,
		"minZ": 368,
                "biomes": [
                    "#cobblemon:is_overworld"
		],
                "neededNearbyBlocks": [
                    "minecraft:mud"
		]
            }
        }
    ]
}