{
    "enabled": true,
    "neededInstalledMods": [],
    "neededUninstalledMods": [],
    "spawns": [
	{
            "id": "cubone_farm2",
            "pokemon": "cubone",
            "presets": [
                "natural"
            ],
            "type": "pokemon",
            "context": "grounded",
            "bucket": "common",
            "level": "16-23",
            "weight": 1000.00,
            "condition": {
           	"timeRange": "day",
		"maxX": -358,
		"minX": -401,
		"maxZ": 369,
		"minZ": 124,
                "biomes": [
                    "#cobblemon:is_overworld"
		],
                "neededNearbyBlocks": [
                    "minecraft:mud"
		]
            }
        }
    ]
}