{
    "enabled": true,
    "neededInstalledMods": [],
    "neededUninstalledMods": [],
    "spawns": [
	{
            "id": "diggersby_farm",
            "pokemon": "diggersby",
            "presets": [
                "natural"
            ],
            "type": "pokemon",
            "context": "grounded",
            "bucket": "uncommon",
            "level": "20-25",
            "weight": 800.00,
            "condition": {
		"canSeeSky": true,
		"maxX": -39,
		"minX": -250,
		"maxZ": 202,
		"minZ": 71,
                "biomes": [
                    "#cobblemon:is_overworld"
		],
                "neededNearbyBlocks": [
                    "minecraft:coarse_dirt"
		]
            }
        }
    ]
}