{
    "enabled": true,
    "neededInstalledMods": [],
    "neededUninstalledMods": [],
    "spawns": [
	{
            "id": "drakloak_museum",
            "pokemon": "drakloak",
            "presets": [
                "natural"
            ],
            "type": "pokemon",
            "context": "grounded",
            "bucket": "uncommon",
            "level": "50-59",
            "weight": 800.00,
            "condition": {
		"canSeeSky": true,
        "timeRange": "night",
        "maxX": -70,
        "minX": -144,
        "maxZ": 414,
        "minZ": 327,
        "maxY": 134,
        "minY": 82,
                "biomes": [
                    "#cobblemon:is_overworld"
		],
        "neededNearbyBlocks": [
            "minecraft:grass_block"
        ]
            }
        }
    ]
}