{
    "enabled": true,
    "neededInstalledMods": [],
    "neededUninstalledMods": [],
    "spawns": [
	{
            "id": "dusknoir_farm2",
            "pokemon": "dusknoir",
            "presets": [
                "natural"
            ],
            "type": "pokemon",
            "context": "grounded",
            "bucket": "rare",
            "level": "56-65",
            "weight": 800.00,
            "condition": {
            	"timeRange": "night",
		"maxX": -358,
		"minX": -401,
		"maxZ": 369,
		"minZ": 124,
                "biomes": [
                    "#cobblemon:is_overworld"
		],
                "neededNearbyBlocks": [
                    "minecraft:mud"
		]
            }
        }
    ]
}