{
    "enabled": true,
    "neededInstalledMods": [],
    "neededUninstalledMods": [],
    "spawns": [
	{
            "id": "florges_museum2",
            "pokemon": "florges",
            "presets": [
                "natural"
            ],
            "type": "pokemon",
            "context": "grounded",
            "bucket": "rare",
            "level": "40-50",
            "weight": 600.00,
            "condition": {
		"canSeeSky": true,
        "maxX": 447,
        "minX": 432,
        "maxZ": 693,
        "minZ": 668,
        "maxY": 108,
        "minY": 101,
                "biomes": [
                    "#cobblemon:is_overworld"
		],
        "neededNearbyBlocks": [
            "minecraft:grass_block"
        ]
            }
        }
    ]
}