{
    "enabled": true,
    "neededInstalledMods": [],
    "neededUninstalledMods": [],
    "spawns": [
	{
            "id": "gastly_farm2",
            "pokemon": "gastly",
            "presets": [
                "natural"
            ],
            "type": "pokemon",
            "context": "grounded",
            "bucket": "common",
            "level": "18-22",
            "weight": 1000.00,
            "condition": {
	    	"timeRange": "night",
		"maxX": -219,
		"minX": -428,
		"maxZ": 333,
		"minZ": 181,
                "biomes": [
                    "#cobblemon:is_overworld"
		],
                "neededNearbyBlocks": [
                    "minecraft:grass_block"
		]
            }
        }
    ]
}