{
    "enabled": true,
    "neededInstalledMods": [],
    "neededUninstalledMods": [],
    "spawns": [
	{
            "id": "gigalith_farm",
            "pokemon": "gigalith",
            "presets": [
                "underground"
            ],
            "type": "pokemon",
            "context": "grounded",
            "bucket": "uncommon",
            "level": "45-55",
            "weight": 600.00,
            "condition": {
		"canSeeSky": false,
		"maxX": -16,
		"minX": -118,
		"maxZ": 421,
		"minZ": 312,
                "biomes": [
                    "#cobblemon:is_overworld"
		]
            }
        }
    ]
}