{
    "enabled": true,
    "neededInstalledMods": [],
    "neededUninstalledMods": [],
    "spawns": [
	{
            "id": "gigalith_museum",
            "pokemon": "gigalith",
            "presets": [
                "natural"
            ],
            "type": "pokemon",
            "context": "grounded",
            "bucket": "rare",
            "level": "50-64",
            "weight": 600.00,
            "condition": {
		"canSeeSky": false,
        "maxX": 416,
        "minX": 361,
        "maxZ": 754,
        "minZ": 736,
        "maxY": 104,
        "minY": 89,
                "biomes": [
                    "#cobblemon:is_overworld"
		],
                "neededNearbyBlocks": [
                    "minecraft:smooth_sandstone"
		]
            }
        }
    ]
}