{
    "enabled": true,
    "neededInstalledMods": [],
    "neededUninstalledMods": [],
    "spawns": [
	{
            "id": "glimmora_farm",
            "pokemon": "glimmora",
            "presets": [
                "underground"
            ],
            "type": "pokemon",
            "context": "grounded",
            "bucket": "uncommon",
            "level": "40-55",
            "weight": 800.00,
            "condition": {
		"canSeeSky": false,
		"maxX": 424,
		"minX": 208,
		"maxZ": -5,
		"minZ": -122,
                "biomes": [
                    "#cobblemon:is_overworld"
		],
                "neededNearbyBlocks": [
                    "minecraft:amethyst_block"
		]
            }
        }
    ]
}