{
    "enabled": true,
    "neededInstalledMods": [],
    "neededUninstalledMods": [],
    "spawns": [
	{
            "id": "gorbyss_museum",
            "pokemon": "gorebyss",
            "presets": [
                "underwater"
            ],
            "type": "pokemon",
            "context": "submerged",
            "bucket": "uncommon",
            "level": "35-45",
            "weight": 800.00,
            "condition": {
		"canSeeSky": true,
        "timeRange": "day",
		"maxX": -169,
		"minX": -281,
		"maxZ": 593,
		"minZ": 506,
        "maxY": 72,
        "minY": 50,
                "biomes": [
                    "#cobblemon:is_overworld"
		]
            }
        }
    ]
}