{
    "enabled": true,
    "neededInstalledMods": [],
    "neededUninstalledMods": [],
    "spawns": [
	{
            "id": "grafaiai_farm2",
            "pokemon": "grafaiai",
            "presets": [
                "natural"
            ],
            "type": "pokemon",
            "context": "grounded",
            "bucket": "uncommon",
            "level": "30-37",
            "weight": 800.00,
            "condition": {
		"canSeeSky": true,
		"maxX": -81,
		"minX": -126,
		"maxZ": -300,
		"minZ": -330,
                "biomes": [
                    "#cobblemon:is_overworld"
		],
                "neededNearbyBlocks": [
                    "minecraft:red_concrete",
                    "minecraft:blue_concrete",
                    "minecraft:yellow_concrete",
                    "minecraft:light_blue_concrete",
                    "minecraft:stripped_cherry_log",
                    "minecraft:stripped_acacia_log",
                    "minecraft:stripped_mangrove_log",
                    "minecraft:stripped_warped_stem"
		]
            }
        }
    ]
}