{
    "enabled": true,
    "neededInstalledMods": [],
    "neededUninstalledMods": [],
    "spawns": [
	{
            "id": "hisuianlilligant_museum",
            "pokemon": "lilligant hisuian",
            "presets": [
                "natural"
            ],
            "type": "pokemon",
            "context": "grounded",
            "bucket": "rare",
            "level": "44-56",
            "weight": 800.00,
            "condition": {
		"canSeeSky": true,
		"maxX": -52,
		"minX": -175,
		"maxZ": 759,
		"minZ": 601,
        "maxY": 138,
        "minY": 99,
                "biomes": [
                    "#cobblemon:is_overworld"
		]
            }
        }
    ]
}