{
    "enabled": true,
    "neededInstalledMods": [],
    "neededUninstalledMods": [],
    "spawns": [
        {
            "id": "hisuiangoodra_museum",
            "pokemon": "goodra hisuian",
            "presets": [
                "underground"
            ],
            "type": "pokemon",
            "context": "grounded",
            "bucket": "rare",
            "level": "55-70",
            "weight": 600.00,
            "condition": {
                "canSeeSky": false,
                "maxX": -31,
                "minX": -93,
                "maxZ": 793,
                "minZ": 682,
                "maxY": 108,
                "minY": 49,
                "biomes": [
                    "#cobblemon:is_overworld"
                ],
                "neededNearbyBlocks": [
                    "minecraft:muddy_mangrove_roots"
                ]
            }
        }
    ]
}