{
    "enabled": true,
    "neededInstalledMods": [],
    "neededUninstalledMods": [],
    "spawns": [
	{
            "id": "kirlia_farm",
            "pokemon": "kirlia",
            "presets": [
                "natural"
            ],
            "type": "pokemon",
            "context": "grounded",
            "bucket": "uncommon",
            "level": "20-23",
            "weight": 800.00,
            "condition": {
		"canSeeSky": true,
		"maxX": 145,
		"minX": 69,
		"maxZ": 305,
		"minZ": 220,
                "biomes": [
                    "#cobblemon:is_overworld"
		],
                "neededNearbyBlocks": [
                    "minecraft:cherry_wood"
		]
            }
        }
    ]
}