{
    "enabled": true,
    "neededInstalledMods": [],
    "neededUninstalledMods": [],
    "spawns": [
	{
            "id": "koffing_farm",
            "pokemon": "koffing",
            "presets": [
                "natural"
            ],
            "type": "pokemon",
            "context": "grounded",
            "bucket": "common",
            "level": "23-27",
            "weight": 1000.00,
            "condition": {
		"maxX": -219,
		"minX": -428,
		"maxZ": 333,
		"minZ": 181,
                "biomes": [
                    "#cobblemon:is_overworld"
		],
                "neededNearbyBlocks": [
                    "minecraft:grass_block"
		]
            }
        }
    ]
}