{
    "enabled": true,
    "neededInstalledMods": [],
    "neededUninstalledMods": [],
    "spawns": [
	{
            "id": "komala_farm",
            "pokemon": "komala",
            "presets": [
                "natural"
            ],
            "type": "pokemon",
            "context": "grounded",
            "bucket": "uncommon",
            "level": "30-39",
            "weight": 1000.00,
            "condition": {
		"canSeeSky": true,
		"timeRange": "night",
		"maxX": 192,
		"minX": -155,
		"maxZ": 156,
		"minZ": 350,
                "biomes": [
                    "#cobblemon:is_overworld"
		],
                "neededNearbyBlocks": [
                    "minecraft:bamboo"
		]
            }
        }
    ]
}