{
    "enabled": true,
    "neededInstalledMods": [],
    "neededUninstalledMods": [],
    "spawns": [
	{
            "id": "krookodile_museum",
            "pokemon": "krookodile",
            "presets": [
                "natural"
            ],
            "type": "pokemon",
            "context": "grounded",
            "bucket": "rare",
            "level": "45-60",
            "weight": 600.00,
            "condition": {
		"canSeeSky": true,
		"maxX": 478,
		"minX": 425,
		"maxZ": 934,
		"minZ": 801,
        "maxY": 121,
        "minY": 86,
                "biomes": [
                    "#cobblemon:is_overworld"
		],
                "neededNearbyBlocks": [
                    "minecraft:red_sand"
		]
            }
        }
    ]
}