{
    "enabled": true,
    "neededInstalledMods": [],
    "neededUninstalledMods": [],
    "spawns": [
        {
            "id": "lairon_museum",
            "pokemon": "lairon",
            "presets": [
                "underground"
            ],
            "type": "pokemon",
            "context": "grounded",
            "bucket": "uncommon",
            "level": "32-40",
            "weight": 800.00,
            "condition": {
                "canSeeSky": false,
                "maxX": 229,
                "minX": 191,
                "maxZ": 763,
                "minZ": 713,
                "maxY": 109,
                "minY": 83,
                "biomes": [
                    "#cobblemon:is_overworld"
                ],
                "neededNearbyBlocks": [
                    "minecraft:yellow_terracotta"
                ]
            }
        }
    ]
}