{
    "enabled": true,
    "neededInstalledMods": [],
    "neededUninstalledMods": [],
    "spawns": [
	{
            "id": "linoonegalarian_farm",
            "pokemon": "linoone galarian",
            "presets": [
                "natural"
            ],
            "type": "pokemon",
            "context": "grounded",
            "bucket": "uncommon",
            "level": "20-26",
            "weight": 1000.00,
            "condition": {
		"timeRange": "night",
		"maxX": -270,
		"minX": -400,
		"maxZ": 386,
		"minZ": 210,
                "biomes": [
                    "#cobblemon:is_overworld"
		],
                "neededNearbyBlocks": [
                    "minecraft:dark_oak_wood",
                    "minecraft:dark_oak_log"
		]
            }
        }
    ]
}