{
    "enabled": true,
    "neededInstalledMods": [],
    "neededUninstalledMods": [],
    "spawns": [
        {
            "id": "lunatone_museum",
            "pokemon": "lunatone",
            "presets": [
                "natural"
            ],
            "type": "pokemon",
            "context": "grounded",
            "bucket": "common",
            "level": "28-35",
            "weight": 1000.00,
            "condition": {
                "canSeeSky": false,
                "timeRange": "night",
                "maxX": -310,
                "minX": -351,
                "maxZ": 1001,
                "minZ": 956,
                "maxY": 33,
                "minY": 23,
                "biomes": [
                    "#cobblemon:is_overworld"
                ],
                "neededNearbyBlocks": [
                    "minecraft:black_concrete"
                ]
            }
        }
    ]
}