{
    "enabled": true,
    "neededInstalledMods": [],
    "neededUninstalledMods": [],
    "spawns": [
	{
            "id": "magmar_museum",
            "pokemon": "magmar",
            "presets": [
                "natural"
            ],
            "type": "pokemon",
            "context": "grounded",
            "bucket": "common",
            "level": "28-35",
            "weight": 1000.00,
            "condition": {
        "maxX": 300,
        "minX": 242,
        "maxZ": 851,
        "minZ": 746,
        "maxY": 142,
        "minY": 103,
                "biomes": [
                    "#cobblemon:is_overworld"
		],
                "neededNearbyBlocks": [
                    "minecraft:lava",
                    "minecraft:magma_block"
		]
            }
        }
    ]
}