{
    "enabled": true,
    "neededInstalledMods": [],
    "neededUninstalledMods": [],
    "spawns": [
	{
            "id": "marowak_museum",
            "pokemon": "marowak",
            "presets": [
                "natural"
            ],
            "type": "pokemon",
            "context": "grounded",
            "bucket": "uncommon",
            "level": "28-40",
            "weight": 800.00,
            "condition": {
		"canSeeSky": true,
        "timeRange": "day",
        "maxX": 505,
        "minX": 458,
        "maxZ": 739,
        "minZ": 695,
        "maxY": 101,
        "minY": 84,
                "biomes": [
                    "#cobblemon:is_overworld"
		]
            }
        }
    ]
}