{
    "enabled": true,
    "neededInstalledMods": [],
    "neededUninstalledMods": [],
    "spawns": [
	{
            "id": "masquerain_farm",
            "pokemon": "masquerain",
            "presets": [
                "natural"
            ],
            "type": "pokemon",
	    "context": "grounded",
            "bucket": "uncommon",
            "level": "22-26",
            "weight": 800.00,
            "condition": {
		"canSeeSky": true,
		"maxX": 68,
		"minX": 38,
		"maxZ": -273,
		"minZ": -311,
                "biomes": [
                    "#cobblemon:is_overworld"
		],
		"needNearbyBlocks": [
		    "cobblemon:medicinal_leek"
		]
            }
        }
    ]
}