{
    "enabled": true,
    "neededInstalledMods": [],
    "neededUninstalledMods": [],
    "spawns": [
        {
            "id": "masquerain_museum",
            "pokemon": "masquerain",
            "presets": [
                "natural"
            ],
            "type": "pokemon",
            "context": "grounded",
            "bucket": "uncommon",
            "level": "25-32",
            "weight": 800.00,
            "condition": {
                "canSeeSky": true,
                "maxX": 408,
                "minX": 385,
                "maxZ": 654,
                "minZ": 609,
                "maxY": 85,
                "minY": 68,
                "biomes": [
                    "#cobblemon:is_overworld"
                ],
                "neededNearbyBlocks": [
                    "minecraft:water"
                ]
            }
        }
    ]
}