{
    "enabled": true,
    "neededInstalledMods": [],
    "neededUninstalledMods": [],
    "spawns": [
	{
            "id": "maushold_farm",
            "pokemon": "maushold",
            "presets": [
                "natural"
            ],
            "type": "pokemon",
            "context": "grounded",
            "bucket": "uncommon",
            "level": "25-33",
            "weight": 500.00,
            "condition": {
		"canSeeSky": true,
		"maxX": 453,
		"minX": -611,
		"maxZ": 570,
		"minZ": -559,
                "biomes": [
                    "#cobblemon:is_overworld"
		],
                "neededNearbyBlocks": [
                    "minecraft:stripped_spruce_log",
                    "minecraft:spruce_planks",
                    "minecraft:stripped_oak_log",
                    "minecraft:oak_planks",
                    "minecraft:mangrove_planks"
		],
                "neededBaseBlocks": [
                    "minecraft:grass_block"
		]
            }
        }
    ]
}