{
    "enabled": true,
    "neededInstalledMods": [],
    "neededUninstalledMods": [],
    "spawns": [
	{
            "id": "meganium_farm",
            "pokemon": "meganium",
            "presets": [
                "natural"
            ],
            "type": "pokemon",
            "context": "grounded",
            "bucket": "rare",
            "level": "38-45",
            "weight": 800.00,
            "condition": {
		"canSeeSky": true,
		"maxX": 87,
		"minX": -5,
		"maxZ": 31,
		"minZ": -29,
                "biomes": [
                    "#cobblemon:is_overworld"
		],
                "neededNearbyBlocks": [
                    "minecraft:white_tulip",
                    "minecraft:oxeye_daisy",
                    "minecraft:azure_bluet",
                    "minecraft:red_tulip",
                    "minecraft:allium"
		]
            }
        }
    ]
}