{
    "enabled": true,
    "neededInstalledMods": [],
    "neededUninstalledMods": [],
    "spawns": [
	{
            "id": "mightyena_farm",
            "pokemon": "mightyena",
            "presets": [
                "natural"
            ],
            "type": "pokemon",
            "context": "grounded",
            "bucket": "uncommon",
            "level": "20-27",
            "weight": 800.00,
            "condition": {
		"maxX": -235,
		"minX": -404,
		"maxZ": 359,
		"minZ": 162,
                "biomes": [
                    "#cobblemon:is_overworld"
		],
                "neededNearbyBlocks": [
                    "minecraft:dark_oak_log",
                    "minecraft:dark_oak_wood"
		]
            }
        }
    ]
}