{
    "enabled": true,
    "neededInstalledMods": [],
    "neededUninstalledMods": [],
    "spawns": [
	{
            "id": "miltank_farm",
            "pokemon": "miltank",
            "presets": [
                "natural"
            ],
            "type": "pokemon",
            "context": "grounded",
            "bucket": "common",
            "level": "25-37",
            "weight": 1000.00,
            "condition": {
		"canSeeSky": true,
		"timeRange": "day",
		"maxX": -143,
		"minX": -288,
		"maxZ": -292,
		"minZ": -430,
                "biomes": [
                    "#cobblemon:is_overworld"
		],
                "neededNearbyBlocks": [
                    "minecraft:grass_block"
		]
            }
        }
    ]
}