{
    "enabled": true,
    "neededInstalledMods": [],
    "neededUninstalledMods": [],
    "spawns": [
	{
            "id": "nincada_farm",
            "pokemon": "nincada",
            "presets": [
                "natural"
            ],
            "type": "pokemon",
            "context": "grounded",
            "bucket": "common",
            "level": "7-14",
            "weight": 1000.00,
            "condition": {
		"canSeeSky": true,
		"maxX": 191,
		"minX": 129,
		"maxZ": 206,
		"minZ": 123,
                "biomes": [
                    "#cobblemon:is_overworld"
		],
                "neededNearbyBlocks": [
                    "minecraft:birch_wood"
		]
            }
        }
    ]
}