{
    "enabled": true,
    "neededInstalledMods": [],
    "neededUninstalledMods": [],
    "spawns": [
	{
            "id": "onix_farm2",
            "pokemon": "onix",
            "presets": [
                "natural"
            ],
            "type": "pokemon",
            "context": "grounded",
            "bucket": "common",
            "level": "20-26",
            "weight": 1000.00,
            "condition": {
		"canSeeSky": true,
		"maxX": -324,
		"minX": -384,
		"maxZ": 74,
		"minZ": 31,
                "biomes": [
                    "#cobblemon:is_overworld"
		],
                "neededNearbyBlocks": [
                    "minecraft:tuff"
		]
            }
        }
    ]
}