{
    "enabled": true,
    "neededInstalledMods": [],
    "neededUninstalledMods": [],
    "spawns": [
	{
            "id": "overqwil_museum",
            "pokemon": "overqwil",
            "presets": [
                "underwater"
            ],
            "type": "pokemon",
            "context": "submerged",
            "bucket": "rare",
            "level": "45-75",
            "weight": 600.00,
            "condition": {
		"canSeeSky": true,
		"maxX": 269,
		"minX": 238,
		"maxZ": 539,
		"minZ": 515,
        "maxY": 138,
        "minY": 122,
                "biomes": [
                    "#cobblemon:is_overworld"
		]
            }
        }
    ]
}