{
    "enabled": true,
    "neededInstalledMods": [],
    "neededUninstalledMods": [],
    "spawns": [
	{
            "id": "phanpy_farm2",
            "pokemon": "phanpy",
            "presets": [
                "natural"
            ],
            "type": "pokemon",
            "context": "grounded",
            "bucket": "common",
            "level": "15-20",
            "weight": 1000.00,
            "condition": {
		"canSeeSky": true,
		"maxX": 105,
		"minX": -3,
		"maxZ": 396,
		"minZ": 294,
                "biomes": [
                    "#cobblemon:is_overworld"
		],
                "neededNearbyBlocks": [
                    "minecraft:tuff"
		]
            }
        }
    ]
}