{
    "enabled": true,
    "neededInstalledMods": [],
    "neededUninstalledMods": [],
    "spawns": [
	{
            "id": "phantump_farm",
            "pokemon": "phantump",
            "presets": [
                "natural"
            ],
            "type": "pokemon",
            "context": "grounded",
            "bucket": "common",
            "level": "17-23",
            "weight": 1000.00,
            "condition": {
		"canSeeSky": true,
		"timeRange": "night",
		"maxX": -235,
		"minX": -404,
		"maxZ": 359,
		"minZ": 162,
                "biomes": [
                    "#cobblemon:is_overworld"
		],
                "neededNearbyBlocks": [
                    "minecraft:dark_oak_log",
                    "minecraft:dark_oak_wood"
		]
            }
        }
    ]
}