{
    "enabled": true,
    "neededInstalledMods": [],
    "neededUninstalledMods": [],
    "spawns": [
	{
            "id": "rapidashgalarian_farm2",
            "pokemon": "rapidash galarian",
            "presets": [
                "natural"
            ],
            "type": "pokemon",
            "context": "grounded",
            "bucket": "uncommon",
            "level": "45-60",
            "weight": 800.00,
            "condition": {
		"canSeeSky": true,
		"timeRange": "night",
		"maxX": 22,
		"minX": -232,
		"maxZ": 70,
		"minZ": -290,
                "biomes": [
                    "#cobblemon:is_overworld"
		],
                "neededNearbyBlocks": [
                    "minecraft:hay_block"
		]
            }
        }
    ]
}