{
    "enabled": true,
    "neededInstalledMods": [],
    "neededUninstalledMods": [],
    "spawns": [
	{
            "id": "roserade_farm",
            "pokemon": "roserade",
            "presets": [
                "natural"
            ],
            "type": "pokemon",
            "context": "grounded",
            "bucket": "rare",
            "level": "35-45",
            "weight": 600.00,
            "condition": {
		"canSeeSky": true,
        "maxX": -52,
        "minX": -175,
        "maxZ": 759,
        "minZ": 601,
        "maxY": 138,
        "minY": 99,
                "biomes": [
                    "#cobblemon:is_overworld"
		]
            }
        }
    ]
}