{
    "enabled": true,
    "neededInstalledMods": [],
    "neededUninstalledMods": [],
    "spawns": [
	{
            "id": "shinx_farm",
            "pokemon": "shinx",
            "presets": [
                "natural"
            ],
            "type": "pokemon",
            "context": "grounded",
            "bucket": "common",
            "level": "7-9",
            "weight": 1000.00,
            "condition": {
		"canSeeSky": true,
		"maxX": -159,
		"minX": -216,
		"maxZ": 326,
		"minZ": 206,
                "biomes": [
                    "#cobblemon:is_overworld"
		],
                "neededNearbyBlocks": [
                    "minecraft:tall_grass"
		]
            }
        }
    ]
}