{
    "enabled": true,
    "neededInstalledMods": [],
    "neededUninstalledMods": [],
    "spawns": [
	{
            "id": "shroodle_farm",
            "pokemon": "shroodle",
            "presets": [
                "natural"
            ],
            "type": "pokemon",
            "context": "grounded",
            "bucket": "common",
            "level": "18-24",
            "weight": 1000.00,
            "condition": {
		"canSeeSky": true,
		"maxX": 237,
		"minX": 202,
		"maxZ": 15,
		"minZ": -24,
                "biomes": [
                    "#cobblemon:is_overworld"
		],
                "neededNearbyBlocks": [
                    "minecraft:red_concrete",
                    "minecraft:blue_concrete",
                    "minecraft:yellow_concrete",
                    "minecraft:light_blue_concrete",
                    "minecraft:stripped_cherry_log",
                    "minecraft:stripped_acacia_log",
                    "minecraft:stripped_mangrove_log",
                    "minecraft:stripped_warped_stem"
		]
            }
        }
    ]
}