{
    "enabled": true,
    "neededInstalledMods": [],
    "neededUninstalledMods": [],
    "spawns": [
	{
            "id": "shuckle_farm",
            "pokemon": "shuckle",
            "presets": [
                "natural"
            ],
            "type": "pokemon",
            "context": "grounded",
            "bucket": "common",
            "level": "24-32",
            "weight": 1000.00,
            "condition": {
		"canSeeSky": true,
		"maxX": 252,
		"minX": 207,
		"maxZ": -240,
		"minZ": -305,
                "biomes": [
                    "#cobblemon:is_overworld"
		],
                "neededNearbyBlocks": [
                    "minecraft:dripstone_block"
		]
            }
        }
    ]
}