{
    "enabled": true,
    "neededInstalledMods": [],
    "neededUninstalledMods": [],
    "spawns": [
        {
            "id": "skrelp_farm2",
            "pokemon": "skrelp",
            "presets": [
                "underwater"
            ],
            "type": "pokemon",
            "context": "submerged",
            "bucket": "common",
            "level": "20-29",
            "weight": 800.00,
            "condition": {
                "maxX": -219,
                "minX": -428,
                "maxZ": 333,
                "minZ": 181,
                "biomes": [
                    "#cobblemon:is_overworld"
                ],
                "neededNearbyBlocks": [
                    "minecraft:water"
                ]
            }
        }
    ]
}