{
    "enabled": true,
    "neededInstalledMods": [],
    "neededUninstalledMods": [],
    "spawns": [
	{
            "id": "slugma_farm",
            "pokemon": "slugma",
            "presets": [
                "underground"
            ],
            "type": "pokemon",
            "context": "grounded",
            "bucket": "common",
            "level": "24-32",
            "weight": 1000.00,
            "condition": {
		"canSeeSky": false,
		"maxX": 144,
		"minX": -442,
		"maxZ": 144,
		"minZ": 60,
                "biomes": [
                    "#cobblemon:is_overworld"
		],
                "neededNearbyBlocks": [
                    "minecraft:lava",
                    "minecraft:magma_block"
		]
            }
        }
    ]
}