{
    "enabled": true,
    "neededInstalledMods": [],
    "neededUninstalledMods": [],
    "spawns": [
        {
            "id": "solrock_museum",
            "pokemon": "solrock",
            "presets": [
                "natural"
            ],
            "type": "pokemon",
            "context": "grounded",
            "bucket": "common",
            "level": "28-35",
            "weight": 1000.00,
            "condition": {
                "canSeeSky": false,
                "timeRange": "day",
                "maxX": 350,
                "minX": 305,
                "maxZ": 997,
                "minZ": 953,
                "maxY": 78,
                "minY": 63,
                "biomes": [
                    "#cobblemon:is_overworld"
                ],
                "neededNearbyBlocks": [
                    "minecraft:red_sand"
                ]
            }
        }
    ]
}