{
    "enabled": true,
    "neededInstalledMods": [],
    "neededUninstalledMods": [],
    "spawns": [
	{
            "id": "squawkabilly_farm2",
            "pokemon": "squawkabilly",
            "presets": [
                "natural"
            ],
            "type": "pokemon",
            "context": "grounded",
            "bucket": "common",
            "level": "16-27",
            "weight": 700.00,
            "condition": {
		"canSeeSky": true,
		"maxX": 23,
		"minX": -54,
		"maxZ": 87,
		"minZ": 39,
                "biomes": [
                    "#cobblemon:is_overworld"
		],
                "neededNearbyBlocks": [
                    "minecraft:sand"
		]
            }
        }
    ]
}