{
    "enabled": true,
    "neededInstalledMods": [],
    "neededUninstalledMods": [],
    "spawns": [
	{
            "id": "steelix_farm3",
            "pokemon": "steelix",
            "presets": [
                "underground"
            ],
            "type": "pokemon",
            "context": "grounded",
            "bucket": "uncommon",
            "level": "32-38",
            "weight": 800.00,
            "condition": {
		"canSeeSky": true,
		"maxX": -68,
		"minX": -116,
		"maxZ": 415,
		"minZ": 342,
                "biomes": [
                    "#cobblemon:is_overworld"
		],
                "neededNearbyBlocks": [
                    "minecraft:tuff"
		]
            }
        }
    ]
}