{
    "enabled": true,
    "neededInstalledMods": [],
    "neededUninstalledMods": [],
    "spawns": [
        {
            "id": "stonjourner_museum",
            "pokemon": "stonjourner",
            "presets": [
                "natural"
            ],
            "type": "pokemon",
            "context": "grounded",
            "bucket": "common",
            "level": "35-45",
            "weight": 1000.00,
            "condition": {
                "canSeeSky": true,
                "maxX": -118,
                "minX": -148,
                "maxZ": 621,
                "minZ": 595,
                "maxY": 85,
                "minY": 68,
                "biomes": [
                    "#cobblemon:is_overworld"
                ],
                "neededNearbyBlocks": [
                    "minecraft:stone",
                    "minecraft:deepslate",
                    "minecraft:andesite"
                ]
            }
        }
    ]
}