{
    "enabled": true,
    "neededInstalledMods": [],
    "neededUninstalledMods": [],
    "spawns": [
	{
            "id": "sudowoodo_farm",
            "pokemon": "sudowoodo",
            "presets": [
                "natural"
            ],
            "type": "pokemon",
            "context": "grounded",
            "bucket": "uncommon",
            "level": "24-29",
            "weight": 800.00,
            "condition": {
		"canSeeSky": true,
		"maxX": 305,
		"minX": 116,
		"maxZ": 53,
		"minZ": -124,
                "biomes": [
                    "#cobblemon:is_overworld"
		],
                "neededNearbyBlocks": [
                    "minecraft:oak_wood",
                    "minecraft:oak_log"
		]
            }
        }
    ]
}