{
    "enabled": true,
    "neededInstalledMods": [],
    "neededUninstalledMods": [],
    "spawns": [
	{
            "id": "surskit_farm2",
            "pokemon": "surskit",
            "presets": [
                "underwater"
            ],
            "type": "pokemon",
            "context": "submerged",
            "bucket": "uncommon",
            "level": "12-16",
            "weight": 800.00,
            "condition": {
		"maxX": -219,
		"minX": -428,
		"maxZ": 333,
		"minZ": 181,
                "biomes": [
                    "#cobblemon:is_overworld"
		],
                "neededNearbyBlocks": [
                    "minecraft:water"
		]
            }
        }
    ]
}