{
    "enabled": true,
    "neededInstalledMods": [],
    "neededUninstalledMods": [],
    "spawns": [
	{
            "id": "teddiursa_farm",
            "pokemon": "teddiursa",
            "presets": [
                "natural"
            ],
            "type": "pokemon",
            "context": "grounded",
            "bucket": "common",
            "level": "8-15",
            "weight": 1000.00,
            "condition": {
		"canSeeSky": true,
		"maxX": 195,
		"minX": 112,
		"maxZ": 222,
		"minZ": 96,
                "biomes": [
                    "#cobblemon:is_overworld"
		],
                "neededNearbyBlocks": [
                    "minecraft:birch_wood"
		]
            }
        }
    ]
}