{
    "enabled": true,
    "neededInstalledMods": [],
    "neededUninstalledMods": [],
    "spawns": [
	{
            "id": "thievul_farm",
            "pokemon": "thievul",
            "presets": [
                "natural"
            ],
            "type": "pokemon",
            "context": "grounded",
            "bucket": "uncommon",
            "level": "21-28",
            "weight": 800.00,
            "condition": {
		"canSeeSky": true,
		"maxX": -270,
		"minX": -400,
		"maxZ": 210,
		"minZ": 386,
                "biomes": [
                    "#cobblemon:is_overworld"
		],
                "neededNearbyBlocks": [
                    "minecraft:dark_oak_log",
                    "minecraft:dark_oak_wood"
		]
            }
        }
    ]
}