{
    "enabled": true,
    "neededInstalledMods": [],
    "neededUninstalledMods": [],
    "spawns": [
	{
            "id": "timburr_museum",
            "pokemon": "timburr",
            "presets": [
                "natural"
            ],
            "type": "pokemon",
            "context": "grounded",
            "bucket": "common",
            "level": "10-17",
            "weight": 1000.00,
            "condition": {
		"canSeeSky": true,
		"maxX": -30,
		"minX": -120,
		"maxZ": 949,
		"minZ": 893,
        "maxY": 89,
        "minY": 70,
                "biomes": [
                    "#cobblemon:is_overworld"
		],
                "neededNearbyBlocks": [
                    "minecraft:coarse_dirt"
		]
            }
        }
    ]
}