{
    "enabled": true,
    "neededInstalledMods": [],
    "neededUninstalledMods": [],
    "spawns": [
	{
            "id": "tinkatink_farm2",
            "pokemon": "tinkatink",
            "presets": [
                "underground"
            ],
            "type": "pokemon",
            "context": "grounded",
            "bucket": "common",
            "level": "18-22",
            "weight": 1000.00,
            "condition": {
		"canSeeSky": false,
		"maxX": 1,
		"minX": -146,
		"maxZ": 401,
		"minZ": 188,
                "biomes": [
                    "#cobblemon:is_overworld"
		],
                "neededNearbyBlocks": [
                    "minecraft:rail"
		]
            }
        }
    ]
}