{
    "enabled": true,
    "neededInstalledMods": [],
    "neededUninstalledMods": [],
    "spawns": [
	{
            "id": "tinkaton_farm",
            "pokemon": "tinkaton",
            "presets": [
                "natural"
            ],
            "type": "pokemon",
            "context": "grounded",
            "bucket": "rare",
            "level": "45-60",
            "weight": 800.00,
            "condition": {
		"canSeeSky": false,
		"maxX": 1,
		"minX": -146,
		"maxZ": 401,
		"minZ": 188,
                "biomes": [
                    "#cobblemon:is_overworld"
		],
                "neededNearbyBlocks": [
                    "minecraft:rail"
		]
            }
        }
    ]
}