{
    "enabled": true,
    "neededInstalledMods": [],
    "neededUninstalledMods": [],
    "spawns": [
	{
            "id": "turtwig_farm",
            "pokemon": "turtwig",
            "presets": [
                "natural"
            ],
            "type": "pokemon",
            "context": "grounded",
            "bucket": "common",
            "level": "5-9",
            "weight": 1000.00,
            "condition": {
		"canSeeSky": true,
		"maxX": -303,
		"minX": -427,
		"maxZ": 35,
		"minZ": -51,
                "biomes": [
                    "#cobblemon:is_overworld"
		],
                "neededNearbyBlocks": [
                    "minecraft:cherry_wood"
		]
            }
        }
    ]
}