{
    "enabled": true,
    "neededInstalledMods": [],
    "neededUninstalledMods": [],
    "spawns": [
	{
            "id": "vespiquen_farm",
            "pokemon": "vespiquen",
            "presets": [
                "natural"
            ],
            "type": "pokemon",
            "context": "grounded",
            "bucket": "uncommon",
            "level": "21-28",
            "weight": 400.00,
            "condition": {
		"canSeeSky": true,
		"maxX": 453,
		"minX": -611,
		"maxZ": 570,
		"minZ": -559,
                "biomes": [
                    "#cobblemon:is_overworld"
		],
                "neededNearbyBlocks": [
                    "minecraft:bee_nest",
                    "minecraft:pink_petals",
                    "minecraft:white_tulip",
                    "minecraft:oxeye_daisy",
                    "minecraft:azure_bluet",
                    "minecraft:red_tulip",
                    "minecraft:allium",
                    "minecraft:dandelion"
		]
            }
        }
    ]
}