{
    "enabled": true,
    "neededInstalledMods": [],
    "neededUninstalledMods": [],
    "spawns": [
	{
            "id": "vibrava_museum",
            "pokemon": "vibrava",
            "presets": [
                "natural"
            ],
            "type": "pokemon",
            "context": "grounded",
            "bucket": "uncommon",
            "level": "35-44",
            "weight": 800.00,
            "condition": {
		"canSeeSky": true,
		"maxX": 479,
		"minX": 410,
		"maxZ": 999,
		"minZ": 744,
        "maxY": 101,
        "minY": 84,
                "biomes": [
                    "#cobblemon:is_overworld"
		],
                "neededNearbyBlocks": [
                    "minecraft:red_sand"
		]
            }
        }
    ]
}