{
    "enabled": true,
    "neededInstalledMods": [],
    "neededUninstalledMods": [],
    "spawns": [
	{
            "id": "vivillon_farm",
            "pokemon": "vivillon",
            "presets": [
                "natural"
            ],
            "type": "pokemon",
            "context": "grounded",
            "bucket": "uncommon",
            "level": "12-32",
            "weight": 800.00,
            "condition": {
		"canSeeSky": true,
		"timeRange": "day",
		"maxX": 305,
		"minX": 116,
		"maxZ": 53,
		"minZ": -124,
                "biomes": [
                    "#cobblemon:is_overworld"
		]
            }
        }
    ]
}