{
    "enabled": true,
    "neededInstalledMods": [],
    "neededUninstalledMods": [],
    "spawns": [
	{
            "id": "volbeat_farm2",
            "pokemon": "volbeat",
            "presets": [
                "natural"
            ],
            "type": "pokemon",
            "context": "grounded",
            "bucket": "common",
            "level": "18-26",
            "weight": 1000.00,
            "condition": {
		"canSeeSky": true,
		"timeRange": "day",
		"maxX": -292,
		"minX": -426,
		"maxZ": 30,
		"minZ": -60,
                "biomes": [
                    "#cobblemon:is_overworld"
		],
                "neededNearbyBlocks": [
                    "minecraft:cherry_wood"
		]
            }
        }
    ]
}