{
    "enabled": true,
    "neededInstalledMods": [],
    "neededUninstalledMods": [],
    "spawns": [
	{
            "id": "watchog_farm",
            "pokemon": "watchog",
            "presets": [
                "natural"
            ],
            "type": "pokemon",
            "context": "grounded",
            "bucket": "uncommon",
            "level": "22-27",
            "weight": 800.00,
            "condition": {
		"canSeeSky": true,
		"maxX": -120,
		"minX": -159,
		"maxZ": 205,
		"minZ": 167,
                "biomes": [
                    "#cobblemon:is_overworld"
		],
                "neededNearbyBlocks": [
                    "minecraft:coarse_dirt"
		]
            }
        }
    ]
}