{
    "enabled": true,
    "neededInstalledMods": [],
    "neededUninstalledMods": [],
    "spawns": [
	{
            "id": "weedle_farm",
            "pokemon": "weedle",
            "presets": [
                "natural"
            ],
            "type": "pokemon",
            "context": "grounded",
            "bucket": "common",
            "level": "3-6",
            "weight": 1000.00,
            "condition": {
		"canSeeSky": true,
		"maxX": -34,
		"minX": -207,
		"maxZ": 217,
		"minZ": 86,
                "biomes": [
                    "#cobblemon:is_overworld"
		],
                "neededNearbyBlocks": [
                    "minecraft:birch_wood"
		]
            }
        }
    ]
}