{
    "enabled": true,
    "neededInstalledMods": [],
    "neededUninstalledMods": [],
    "spawns": [
	{
            "id": "wimpod_farm",
            "pokemon": "wimpod",
            "presets": [
                "natural"
            ],
            "type": "pokemon",
            "context": "grounded",
            "bucket": "common",
            "level": "5-10",
            "weight": 1000.00,
            "condition": {
		"canSeeSky": true,
		"maxX": 231,
		"minX": 1,
		"maxZ": -165,
		"minZ": -500,
                "biomes": [
                    "#cobblemon:is_overworld"
		],
                "neededNearbyBlocks": [
                    "minecraft:sand"
		]
            }
        }
    ]
}