{
    "enabled": true,
    "neededInstalledMods": [],
    "neededUninstalledMods": [],
    "spawns": [
	{
            "id": "wooper_farm",
            "pokemon": "wooper",
            "presets": [
                "natural"
            ],
            "type": "pokemon",
            "context": "grounded",
            "bucket": "common",
            "level": "4-12",
            "weight": 1000.00,
            "condition": {
		"canSeeSky": true,
		"maxX": 453,
		"minX": -611,
		"maxZ": 570,
		"minZ": -559,
                "biomes": [
                    "#minecraft:is_river"
		],
                "neededNearbyBlocks": [
                    "minecraft:sand"
		]
            }
        }
    ]
}