{
    "enabled": true,
    "neededInstalledMods": [],
    "neededUninstalledMods": [],
    "spawns": [
        {
            "id": "yamask_museum",
            "pokemon": "yamask_museum",
            "presets": [
                "natural"
            ],
            "type": "pokemon",
            "context": "grounded",
            "bucket": "common",
            "level": "19-31",
            "weight": 1000.00,
            "condition": {
                "canSeeSky": false,
                "maxX": 499,
                "minX": 485,
                "maxZ": 698,
                "minZ": 663,
                "maxY": 88,
                "minY": 77,
                "biomes": [
                    "#cobblemon:is_overworld"
                ],
                "neededNearbyBlocks": [
                    "minecraft:smooth_sandstone"
                ]
            }
        }
    ]
}