{
    "enabled": true,
    "neededInstalledMods": [],
    "neededUninstalledMods": [],
    "spawns": [
	{
            "id": "yanma_farm2",
            "pokemon": "yanma",
            "presets": [
                "natural"
            ],
            "type": "pokemon",
            "context": "grounded",
            "bucket": "common",
            "level": "23-29",
            "weight": 1000.00,
            "condition": {
		"timeRange": "day",
		"maxX": -219,
		"minX": -428,
		"maxZ": 333,
		"minZ": 181,
                "biomes": [
                    "#cobblemon:is_overworld"
		],
                "neededNearbyBlocks": [
                    "minecraft:water"
		]
            }
        }
    ]
}