{
    "enabled": true,
    "neededInstalledMods": [],
    "neededUninstalledMods": [],
    "spawns": [
        {
            "id": "yanma_museum",
            "pokemon": "yanma",
            "presets": [
                "natural"
            ],
            "type": "pokemon",
            "context": "grounded",
            "bucket": "common",
            "level": "20-26",
            "weight": 1000.00,
            "condition": {
                "canSeeSky": true,
                "maxX": 408,
                "minX": 385,
                "maxZ": 654,
                "minZ": 609,
                "maxY": 85,
                "minY": 68,
                "biomes": [
                    "#cobblemon:is_overworld"
                ],
                "neededNearbyBlocks": [
                    "minecraft:water"
                ]
            }
        }
    ]
}